{
    "input_shape": [
        256,
        256,
        3
    ],
    "precision": 0.0031645518949704166,
    "recall": 0.03324808184143222,
    "f1_score": 0.005541882714655831
}