{
    "input_shape": [
        256,
        256,
        3
    ],
    "precision": 0.0032732348826437496,
    "recall": 0.024936061381074168,
    "f1_score": 0.005529985755170726
}