{
    "input_shape": [
        256,
        256,
        3
    ],
    "precision": 0.002184133554576864,
    "recall": 0.026854219948849106,
    "f1_score": 0.003914377771183785
}