{
    "input_shape": [
        256,
        256,
        3
    ],
    "precision": 0.004498118829706774,
    "recall": 0.04028132992327366,
    "f1_score": 0.007481333887796447
}