{
    "input_shape": [
        256,
        256,
        3
    ],
    "precision": 0.0027763918784194873,
    "recall": 0.03005115089514066,
    "f1_score": 0.005043117278724992
}