{
    "input_shape": [
        256,
        256,
        3
    ],
    "precision": 0.007747933272229947,
    "recall": 0.06074168797953964,
    "f1_score": 0.013033078385764467
}