{
    "input_shape": [
        256,
        256,
        3
    ],
    "precision": 0.0013578938048231716,
    "recall": 0.01790281329923274,
    "f1_score": 0.0024747075093552633
}