{
    "input_shape": [
        256,
        256,
        3
    ],
    "precision": 0.0029312796221926895,
    "recall": 0.03388746803069054,
    "f1_score": 0.005301472325282268
}