{
    "input_shape": [
        256,
        256,
        3
    ],
    "precision": 0.0006817856670072132,
    "recall": 0.01214833759590793,
    "f1_score": 0.0012844091806105448
}