{
    "input_shape": [
        256,
        256,
        3
    ],
    "precision": 0.0030541475309645814,
    "recall": 0.031969309462915596,
    "f1_score": 0.00553025040846733
}