{
    "input_shape": [
        256,
        256,
        3
    ],
    "precision": 0.0021902317154290133,
    "recall": 0.026854219948849102,
    "f1_score": 0.00403297054576114
}