{
    "input_shape": [
        128,
        128,
        3
    ],
    "precision": 0.0009092346616065781,
    "recall": 0.029411764705882353,
    "f1_score": 0.0017639389523736483
}