{
    "input_shape": [
        128,
        128,
        3
    ],
    "precision": 0.0034920055558474946,
    "recall": 0.030690537084398978,
    "f1_score": 0.006137386195917203
}