{
    "input_shape": [
        128,
        128,
        3
    ],
    "precision": 0.0027260696086775435,
    "recall": 0.03069053708439898,
    "f1_score": 0.004985872339946015
}