{
    "input_shape": [
        128,
        128,
        3
    ],
    "precision": 0.0008676036786395974,
    "recall": 0.02557544757033248,
    "f1_score": 0.001678274733573886
}