{
    "input_shape": [
        128,
        128,
        3
    ],
    "precision": 0.0018243700814982603,
    "recall": 0.031329923273657294,
    "f1_score": 0.003438684478090532
}