{
    "input_shape": [
        128,
        128,
        3
    ],
    "precision": 0.004080744007054469,
    "recall": 0.04156010230179028,
    "f1_score": 0.007414298956676161
}