{
    "input_shape": [
        128,
        128,
        3
    ],
    "precision": 0.0025771019739618995,
    "recall": 0.031329923273657294,
    "f1_score": 0.004604709522843955
}