{
    "input_shape": [
        128,
        128,
        3
    ],
    "precision": 0.004589336539757383,
    "recall": 0.0421994884910486,
    "f1_score": 0.008025372003131089
}