{
    "input_shape": [
        128,
        128,
        3
    ],
    "precision": 0.003366057741751585,
    "recall": 0.030690537084398978,
    "f1_score": 0.005602159563593151
}