{
    "input_shape": [
        128,
        128,
        3
    ],
    "precision": 0.0033146287380549228,
    "recall": 0.029411764705882353,
    "f1_score": 0.005063170928241717
}