{
    "input_shape": [
        128,
        128,
        3
    ],
    "precision": 0.004086284873376071,
    "recall": 0.03516624040920716,
    "f1_score": 0.006569501227194904
}