{
    "input_shape": [
        128,
        128,
        3
    ],
    "precision": 0.002526268974022109,
    "recall": 0.026854219948849106,
    "f1_score": 0.004611138908525881
}