{
    "input_shape": [
        128,
        128,
        3
    ],
    "precision": 0.002212907238359761,
    "recall": 0.029411764705882353,
    "f1_score": 0.0040359068040684235
}