{
    "input_shape": [
        128,
        128,
        3
    ],
    "precision": 0.0028994511991702293,
    "recall": 0.031329923273657294,
    "f1_score": 0.005222228133308709
}