{
    "input_shape": [
        128,
        128,
        3
    ],
    "precision": 0.0011303121965292194,
    "recall": 0.01854219948849105,
    "f1_score": 0.002129702927678755
}