{
    "input_shape": [
        128,
        128,
        3
    ],
    "precision": 0.002768133521297045,
    "recall": 0.031969309462915596,
    "f1_score": 0.005080294456801849
}