{
    "input_shape": [
        128,
        128,
        3
    ],
    "precision": 0.0025415459572724237,
    "recall": 0.03005115089514067,
    "f1_score": 0.0046546066336550715
}