{
    "input_shape": [
        128,
        128,
        3
    ],
    "precision": 0.0025323065378459195,
    "recall": 0.029411764705882353,
    "f1_score": 0.004647527823767294
}