{
    "input_shape": [
        128,
        128,
        3
    ],
    "precision": 0.0026352968918799836,
    "recall": 0.03260869565217391,
    "f1_score": 0.004796251151995086
}