{
    "input_shape": [
        128,
        128,
        3
    ],
    "precision": 0.0017527781880958193,
    "recall": 0.022378516624040917,
    "f1_score": 0.0032428863156119935
}