{
    "input_shape": [
        128,
        128,
        3
    ],
    "precision": 0.0035403080168554158,
    "recall": 0.03644501278772378,
    "f1_score": 0.006439948977302591
}