{
    "input_shape": [
        128,
        128,
        3
    ],
    "precision": 0.002902439948714035,
    "recall": 0.030690537084398978,
    "f1_score": 0.005300153299233481
}